Rank,Team,Statistic,Year
10,Denver,0.5379999999999999,2023
21,Denver,0.504,2015
25,Denver,0.503,2012
15,Denver,0.498,2010
4,Denver,0.529,2024
28,Denver,0.539,2018
15,Denver,0.497,2013
24,Denver,0.5489999999999999,2021
7,Denver,0.486,2009
13,Denver,0.499,2011
22,Denver,0.515,2016
23,Denver,0.483,2004
15,Denver,0.526,2020
22,Denver,0.541,2022
14,Denver,0.498,2007
12,Denver,0.517,2019
13,Denver,0.482,2005
18,Denver,0.493,2006
13,Denver,0.5,2014
28,Denver,0.532,2017
16,Denver,0.501,2008
