Rank,Team,Statistic,Year
28,Houston,0.564,2023
11,Houston,0.491,2015
17,Houston,0.49,2012
21,Houston,0.511,2010
5,Houston,0.53,2024
14,Houston,0.523,2018
19,Houston,0.502,2013
27,Houston,0.555,2021
4,Houston,0.48,2009
17,Houston,0.5,2011
23,Houston,0.518,2016
4,Houston,0.4479999999999999,2004
16,Houston,0.528,2020
29,Houston,0.5539999999999999,2022
1,Houston,0.466,2007
17,Houston,0.522,2019
4,Houston,0.462,2005
6,Houston,0.472,2006
7,Houston,0.49,2014
21,Houston,0.517,2017
2,Houston,0.466,2008
