Team,Wins,Losses,HSS
LA Clippers,1,0,26.91847
Philadelphia,1,0,28.57453
Chicago,0,1,28.19324
New York,0,1,27.97429
Portland,0,1,27.85188
LA Lakers,1,0,28.00776
Boston,0,1,26.25976
Denver,1,0,29.79576
Cleveland,0,1,28.57453
Utah,0,1,28.96835
Memphis,0,1,27.08141
Indiana,0,1,25.75482
Atlanta,1,0,25.87047
Phoenix,0,1,26.54382
New Orleans,0,1,25.24188
Toronto,0,1,28.12888
