Rank,Statistic,Year
8,0.2269999999999999,2013
12,0.201,2018
17,0.206,2015
11,0.248,2007
9,0.26,2006
5,0.2189999999999999,2019
8,0.1989999999999999,2021
17,0.1939999999999999,2022
23,0.2,2023
16,0.2289999999999999,2004
27,0.19,2016
18,0.206,2012
20,0.186,2024
5,0.236,2014
22,0.217,2011
6,0.257,2008
8,0.207,2020
13,0.217,2017
16,0.242,2005
15,0.233,2009
12,0.2339999999999999,2010
