Rank,Statistic,Year
7,0.23,2013
4,0.2189999999999999,2018
4,0.2339999999999999,2015
27,0.2189999999999999,2007
28,0.226,2006
7,0.21,2019
9,0.1989999999999999,2021
7,0.204,2022
12,0.208,2023
23,0.21,2004
3,0.247,2016
7,0.23,2012
6,0.21,2024
4,0.246,2014
27,0.212,2011
30,0.1939999999999999,2008
5,0.214,2020
9,0.22,2017
30,0.214,2005
21,0.223,2009
26,0.212,2010
