Rank,Statistic,Year
24,0.192,2013
24,0.182,2018
19,0.205,2015
26,0.223,2007
11,0.257,2006
18,0.1989999999999999,2019
2,0.225,2021
5,0.21,2022
11,0.215,2023
20,0.222,2004
23,0.203,2016
17,0.206,2012
10,0.201,2024
15,0.2189999999999999,2014
13,0.2289999999999999,2011
28,0.2,2008
23,0.1939999999999999,2020
22,0.201,2017
29,0.215,2005
19,0.226,2009
29,0.191,2010
