Rank,Statistic,Year
18,0.451,2008
25,0.446,2018
12,0.4629999999999999,2010
20,0.4529999999999999,2009
26,0.444,2007
15,0.4589999999999999,2011
18,0.433,2004
9,0.481,2023
20,0.451,2019
23,0.449,2020
20,0.465,2024
16,0.4539999999999999,2006
9,0.469,2022
13,0.452,2014
18,0.451,2017
12,0.45,2012
21,0.441,2005
12,0.455,2016
6,0.46,2015
17,0.465,2021
7,0.461,2013
