Rank,Statistic,Year
5,0.4679999999999999,2008
24,0.4479999999999999,2018
5,0.476,2010
2,0.479,2009
28,0.4429999999999999,2007
1,0.484,2011
10,0.442,2004
13,0.476,2023
15,0.461,2019
18,0.4589999999999999,2020
8,0.484,2024
6,0.467,2006
17,0.4629999999999999,2022
28,0.435,2014
16,0.4539999999999999,2017
7,0.455,2012
3,0.466,2005
26,0.436,2016
21,0.442,2015
19,0.4629999999999999,2021
8,0.461,2013
