Rank,Statistic,Year
21,0.446,2008
15,0.455,2018
26,0.447,2010
21,0.4529999999999999,2009
29,0.4429999999999999,2007
20,0.4539999999999999,2011
14,0.441,2004
28,0.457,2023
24,0.449,2019
22,0.4539999999999999,2020
27,0.4589999999999999,2024
29,0.433,2006
24,0.456,2022
5,0.47,2014
13,0.4589999999999999,2017
14,0.449,2012
18,0.445,2005
16,0.4479999999999999,2016
20,0.445,2015
28,0.444,2021
10,0.4579999999999999,2013
