Rank,Statistic,Year
15,0.4539999999999999,2008
27,0.444,2018
9,0.469,2010
19,0.4539999999999999,2009
5,0.465,2007
7,0.466,2011
8,0.444,2004
21,0.47,2023
23,0.45,2019
7,0.47,2020
30,0.435,2024
20,0.4479999999999999,2006
21,0.4579999999999999,2022
9,0.46,2014
30,0.436,2017
15,0.445,2012
15,0.4479999999999999,2005
25,0.4379999999999999,2016
10,0.4539999999999999,2015
16,0.466,2021
23,0.44,2013
