Rank,Statistic,Year
25,0.4429999999999999,2008
17,0.4539999999999999,2018
18,0.457,2010
14,0.456,2009
9,0.4629999999999999,2007
2,0.474,2011
25,0.423,2004
26,0.4589999999999999,2023
21,0.45,2019
9,0.47,2020
23,0.4629999999999999,2024
2,0.479,2006
16,0.4629999999999999,2022
1,0.5,2014
15,0.455,2017
4,0.466,2012
1,0.487,2005
4,0.469,2016
8,0.456,2015
18,0.4639999999999999,2021
1,0.49,2013
