Rank,Statistic,Year
17,0.451,2008
4,0.476,2018
25,0.449,2010
29,0.441,2009
13,0.461,2007
27,0.441,2011
1,0.4579999999999999,2004
4,0.488,2023
17,0.456,2019
28,0.441,2020
10,0.482,2024
11,0.456,2006
23,0.456,2022
23,0.444,2014
8,0.467,2017
27,0.433,2012
4,0.4589999999999999,2005
6,0.4639999999999999,2016
24,0.4379999999999999,2015
27,0.4479999999999999,2021
24,0.439,2013
