Rank,Statistic,Year
13,0.457,2008
10,0.4679999999999999,2018
14,0.46,2010
10,0.4579999999999999,2009
15,0.4579999999999999,2007
16,0.4589999999999999,2011
23,0.428,2004
8,0.481,2023
8,0.47,2019
10,0.465,2020
24,0.4629999999999999,2024
9,0.4579999999999999,2006
12,0.466,2022
29,0.435,2014
27,0.442,2017
18,0.442,2012
22,0.437,2005
29,0.431,2016
30,0.408,2015
7,0.479,2021
20,0.444,2013
