Rank,Statistic,Year
9,0.4639999999999999,2008
21,0.45,2018
19,0.456,2010
26,0.446,2009
20,0.45,2007
23,0.449,2011
2,0.4579999999999999,2004
3,0.489,2023
12,0.4639999999999999,2019
17,0.4589999999999999,2020
14,0.475,2024
15,0.4539999999999999,2006
18,0.46,2022
18,0.447,2014
12,0.461,2017
26,0.436,2012
6,0.4579999999999999,2005
7,0.4639999999999999,2016
9,0.455,2015
6,0.481,2021
18,0.447,2013
