Rank,Statistic,Year
13,0.245,2016
1,0.321,2012
26,0.206,2018
15,0.223,2021
15,0.265,2010
6,0.2689999999999999,2015
16,0.281,2004
9,0.272,2014
9,0.2769999999999999,2009
30,0.1939999999999999,2019
2,0.299,2011
13,0.228,2020
19,0.26,2006
10,0.25,2024
9,0.286,2007
28,0.1989999999999999,2023
6,0.292,2013
4,0.272,2017
29,0.201,2022
18,0.285,2005
8,0.289,2008
