Rank,Statistic,Year
2,0.267,2016
10,0.281,2012
12,0.2269999999999999,2018
17,0.2189999999999999,2021
2,0.303,2010
3,0.2769999999999999,2015
9,0.301,2004
1,0.314,2014
13,0.275,2009
8,0.246,2019
12,0.2739999999999999,2011
14,0.226,2020
7,0.287,2006
19,0.239,2024
11,0.284,2007
9,0.249,2023
9,0.283,2013
14,0.241,2017
13,0.2339999999999999,2022
4,0.309,2005
7,0.291,2008
