Rank,Statistic,Year
4,0.26,2016
14,0.275,2012
23,0.21,2018
28,0.198,2021
12,0.2689999999999999,2010
10,0.262,2015
24,0.263,2004
3,0.28,2014
17,0.262,2009
15,0.2289999999999999,2019
11,0.2739999999999999,2011
15,0.2239999999999999,2020
26,0.255,2006
9,0.251,2024
23,0.256,2007
1,0.302,2023
16,0.263,2013
11,0.244,2017
22,0.217,2022
25,0.264,2005
6,0.291,2008
