Rank,Statistic,Year
1,0.152,2021
4,0.192,2004
16,0.1939999999999999,2014
17,0.1689999999999999,2024
21,0.198,2011
27,0.211,2010
3,0.163,2020
19,0.2019999999999999,2008
18,0.1889999999999999,2016
4,0.171,2013
21,0.223,2006
28,0.196,2018
12,0.204,2007
4,0.163,2022
27,0.2,2015
4,0.172,2019
2,0.157,2023
30,0.228,2009
11,0.207,2005
11,0.176,2012
23,0.1889999999999999,2017
