Rank,Statistic,Year
13,0.737,2013
7,0.746,2012
10,0.742,2007
26,0.7559999999999999,2020
16,0.731,2008
5,0.746,2006
1,0.8029999999999999,2021
12,0.769,2017
15,0.7140000000000001,2004
22,0.7490000000000001,2016
4,0.785,2022
19,0.743,2015
2,0.8059999999999999,2018
7,0.725,2005
28,0.711,2009
4,0.777,2023
10,0.752,2014
10,0.764,2024
7,0.7490000000000001,2010
13,0.773,2019
2,0.762,2011
