Rank,Statistic,Year
22,0.73,2013
4,0.7509999999999999,2012
5,0.748,2007
16,0.774,2020
4,0.75,2008
11,0.7340000000000001,2006
15,0.777,2021
7,0.7759999999999999,2017
14,0.716,2004
17,0.757,2016
10,0.775,2022
29,0.723,2015
6,0.789,2018
24,0.7020000000000001,2005
8,0.7490000000000001,2009
21,0.755,2023
25,0.73,2014
18,0.755,2024
15,0.737,2010
11,0.775,2019
12,0.742,2011
