Rank,Statistic,Year
27,0.7190000000000001,2013
12,0.7340000000000001,2012
20,0.718,2007
20,0.77,2020
22,0.722,2008
19,0.723,2006
6,0.79,2021
5,0.7859999999999999,2017
24,0.6970000000000001,2004
10,0.773,2016
6,0.784,2022
18,0.747,2015
16,0.775,2018
11,0.718,2005
22,0.721,2009
7,0.773,2023
15,0.745,2014
15,0.76,2024
24,0.726,2010
12,0.775,2019
6,0.752,2011
