Rank,Statistic,Year
25,0.726,2013
10,0.7390000000000001,2012
14,0.735,2007
3,0.797,2020
23,0.7190000000000001,2008
2,0.764,2006
18,0.773,2021
15,0.764,2017
5,0.733,2004
6,0.782,2016
8,0.782,2022
23,0.7340000000000001,2015
9,0.785,2018
1,0.7390000000000001,2005
19,0.7290000000000001,2009
10,0.769,2023
24,0.733,2014
3,0.78,2024
5,0.7509999999999999,2010
9,0.7759999999999999,2019
4,0.755,2011
