Rank,Statistic,Year
14,0.737,2013
22,0.726,2012
26,0.7090000000000001,2007
21,0.768,2020
12,0.737,2008
29,0.69,2006
13,0.779,2021
4,0.787,2017
28,0.685,2004
13,0.764,2016
20,0.7609999999999999,2022
10,0.7559999999999999,2015
17,0.772,2018
19,0.711,2005
13,0.7390000000000001,2009
29,0.7290000000000001,2023
9,0.753,2014
29,0.737,2024
17,0.736,2010
7,0.7809999999999999,2019
15,0.738,2011
