Rank,Statistic,Year
18,0.7340000000000001,2013
2,0.755,2012
27,0.708,2007
2,0.804,2020
26,0.7170000000000001,2008
24,0.713,2006
10,0.7829999999999999,2021
26,0.753,2017
17,0.7070000000000001,2004
27,0.74,2016
17,0.767,2022
28,0.73,2015
7,0.7879999999999999,2018
6,0.726,2005
24,0.716,2009
5,0.7759999999999999,2023
27,0.7240000000000001,2014
28,0.738,2024
21,0.732,2010
5,0.787,2019
11,0.742,2011
