Rank,Statistic,Year
26,0.7190000000000001,2013
24,0.7170000000000001,2012
21,0.7170000000000001,2007
9,0.7829999999999999,2020
28,0.7120000000000001,2008
22,0.716,2006
9,0.784,2021
16,0.764,2017
22,0.698,2004
11,0.7709999999999999,2016
16,0.767,2022
22,0.735,2015
25,0.765,2018
29,0.6829999999999999,2005
23,0.7170000000000001,2009
19,0.757,2023
22,0.737,2014
21,0.752,2024
29,0.71,2010
30,0.725,2019
28,0.716,2011
