Rank,Statistic,Year
30,0.71,2013
29,0.705,2012
17,0.725,2007
7,0.785,2020
25,0.7170000000000001,2008
18,0.723,2006
30,0.75,2021
17,0.763,2017
23,0.6970000000000001,2004
23,0.7490000000000001,2016
21,0.76,2022
12,0.752,2015
15,0.7759999999999999,2018
28,0.688,2005
29,0.6970000000000001,2009
9,0.77,2023
3,0.7659999999999999,2014
1,0.784,2024
18,0.735,2010
26,0.755,2019
9,0.7440000000000001,2011
