Rank,Statistic,Year
17,0.7340000000000001,2013
3,0.754,2012
9,0.746,2007
23,0.7609999999999999,2020
6,0.747,2008
12,0.733,2006
27,0.763,2021
13,0.768,2017
19,0.701,2004
9,0.7759999999999999,2016
23,0.7559999999999999,2022
25,0.732,2015
12,0.778,2018
18,0.711,2005
15,0.737,2009
11,0.767,2023
12,0.7509999999999999,2014
27,0.7390000000000001,2024
23,0.7290000000000001,2010
14,0.772,2019
24,0.72,2011
