Rank,Statistic,Year
8,0.746,2013
27,0.7090000000000001,2012
28,0.708,2007
29,0.7490000000000001,2020
21,0.7240000000000001,2008
27,0.7070000000000001,2006
16,0.7759999999999999,2021
24,0.7559999999999999,2017
26,0.695,2004
8,0.777,2016
14,0.769,2022
4,0.773,2015
18,0.772,2018
25,0.701,2005
26,0.7140000000000001,2009
15,0.7609999999999999,2023
5,0.762,2014
30,0.725,2024
26,0.7240000000000001,2010
29,0.741,2019
29,0.705,2011
